ID	Factor1	Factor2	Factor3	Factor4	Factor5	Factor6	Factor7	Factor8	Factor9	Factor10
H005	0.411565984501738	0.422127471436654	-1.77581257677378	1.18747992224394	1.82761968917068	0.592409193396844	1.5627595337993	-0.56869897954993	0.669070285573087	-0.406584950353286
H010	-2.02800650362021	0.13459544840091	2.13037622399383	2.29957032811793	1.27888228141355	-1.80326319177453	-0.349215757790001	-0.316768062049079	0.296000719621668	-0.884518936237459
H011	2.10670988907752	-0.44361649609503	2.3040165630774	-0.0899478871129681	0.126648095686312	-0.369647731660803	0.144640241109346	0.943334059344252	-0.0653411216887784	-0.172698795527843
H012	-2.32309714419915	1.16344527187241	2.7005824971254	-0.939737239122391	1.25273466023341	0.598515599682805	-0.20713828502165	-1.2566255230359	0.167654932877324	-0.893994251200864
H013	-1.39173601032617	0.484849583468413	-1.77321235491055	0.80325440353315	1.41808986231967	2.15521568248679	-0.286719054380151	-0.703126860038824	0.335539520541403	-0.622954895763641
H014	-1.54075149009631	0.532366441043	2.42560840331222	0.23052949328796	-0.197437352778921	0.485645888913382	0.284953697778715	0.0175923405815718	0.445552655147753	-0.671457921325262
H015	-1.84680471887765	-0.39357796383983	2.02687248309647	0.825470603010375	-0.932860792344915	-0.544472841493502	-0.116995216505241	-0.0974750973088973	0.636883544536562	-0.773071260252801
H016	0.941403652189459	-1.79980077715753	-1.77899650171103	-0.740091187424711	1.80148921917002	-0.175599020084008	0.361588421733702	-0.553886412014638	-0.440463090067974	-0.127497322068592
H017	-2.17584598859973	0.535868761722325	-1.75252041667581	-0.807747556276277	-0.326705655085288	0.157864730582551	-0.0426836711492665	0.118153772811974	0.357878034404986	-0.826177520744603
H019	0.636366593074655	1.16546892704267	2.24796871421309	0.142463528657574	0.480006978902137	2.39533535633229	1.56589280502641	0.370737258505173	0.498653833177076	-0.647927444318135
H020	1.59522900391161	0.617114946830415	-1.79987467716188	-0.816910526339958	-0.896254480003855	-1.1635167309515	-0.392139860754759	-0.0640058593599358	-0.65026229761665	-0.275069172868304
H021	1.8659271187633	0.997840340054015	-1.8250844600498	0.885386263346533	-0.150213321708792	0.0581157522541597	-0.0458986683556779	-0.926058187515124	-0.286961173775041	-0.832481744410264
H023	-2.18232350071842	1.53248153363216	2.26244400131881	-0.459648094155046	1.03593722894741	-0.865363588259002	-0.370132582778689	-1.06967675020957	0.100070822358442	-0.86336478873346
H027	-2.38700070619772	1.77380064898558	-1.78365445642028	-1.14913681533829	-0.506115925724732	-0.48661388653041	0.267495794078462	0.279681599060026	-1.88217490463485	-0.147761269744076
H028	1.36187569772558	-2.0815645016399	2.40736617390004	1.7146813795783	-0.964430580507265	0.278310743016051	-0.0266407586521946	-0.974626975680512	0.240387409539739	-0.81125706677503
H029	0.193204620471388	0.222942926375424	2.32505480795432	1.91680078143492	-1.03016237026746	1.46516086714966	2.03395392228418	-0.717842974547275	5.27542337588532e-05	-0.538733407679935
H030	-1.81819217118048	-0.209977748364765	-1.78677218005182	2.31243205255827	0.459726494913089	1.04997904647692	-0.0788495373903982	0.00197597910651562	0.345530206080113	-0.106146964952699
H031	0.473095919637441	-2.26230424515951	2.32000734155807	1.84786670876659	0.464414032203685	-0.983908492793143	0.342676225882774	-0.83240365702664	-0.830447237559105	-0.305156753615192
H033	2.04249407463502	-0.0809915021248012	2.28606020700554	0.502478827193097	-0.195285533490894	-0.52959949174073	-0.381857439916126	0.819983614994478	0.47617915246229	-0.746303453191353
H035	1.24509667340603	-0.400390394574331	2.42574301283213	0.965793910410278	0.655409304679613	-0.493610528157231	0.364157815121035	0.55149280335632	-0.432122481794607	-0.359573441740115
H036	2.05835374731617	-0.488125403214071	2.27953693722925	0.268832243943873	0.150290026554567	0.38064870916841	-0.933195026613884	0.309692197882512	0.0493649267984516	0.022862777139592
H037	0.351897057594314	-0.205039820051594	-1.50716762878095	-1.1797448756633	-0.621423507405393	0.196237480320837	0.961818281980188	0.134797521877281	0.39523179253884	-0.201020351043726
H038	2.33643496196067	-0.350366248111835	-1.76451653075221	-1.16353165537107	0.365213263893567	0.036944069869831	-0.813537049970513	0.547538093420275	0.246182533036136	-0.254849829947689
H039	1.81088647079788	0.063379164708213	2.37851887808161	0.928856194928804	-0.338063684480553	-0.651155719362408	-0.310474217215602	0.316674047286492	-0.117259141406533	-0.374049727452977
H040	0.107702339473053	-1.10099287786097	2.47200401664997	-1.29533418988814	1.56801195761857	0.0973163878367993	0.818281616065672	0.539206453193865	-0.0138477811332572	0.184716740612889
H041	2.00803095776919	0.430443315177106	-1.79466987759315	0.669556593690264	-0.629233909159837	-0.609968461121451	-0.080505799919605	0.162217992671237	-1.01550790867677	-0.189810845416773
H042	-2.74929134136132	-0.496809089450543	2.46420755419892	-0.494118562503932	0.942118886391796	0.543004513387603	-0.0829621344058353	0.525333946224111	-0.364476755993153	-0.421409428711692
H043	-2.16472467292001	0.712815104540992	2.40061779647576	-0.203196054452663	-0.0547871391345757	-1.53468070951014	-0.379946074583522	0.281092018680106	-1.17881586241666	0.310344101544513
H044	0.131613007008293	-1.01129180395596	-1.76464575068418	0.803066570994432	1.53397558882274	1.20981212471013	1.62097930976938	0.832277015272154	-0.319743493791698	0.168135406768644
H045	-2.02818037055944	0.400332443354997	-1.75242697475798	-1.62814190896635	0.134170296900656	1.12393093773269	0.0447970651151974	0.269562710817139	-0.768778920169331	-0.783639539199213
H046	1.93397443906763	0.06419466430042	-1.77902723909908	-0.41100427409636	-0.43812680883842	0.269135995776714	-0.815481710243217	0.0251070733113211	-0.201235018636916	-0.799473428559011
H047	-2.22486171675643	0.565372964529497	-1.68701716197103	2.84491007780662	0.488305700449787	0.0934486287955393	-0.150148786355618	0.0421395047624963	-0.682517049381515	-0.485081556089477
H048	0.564996027292166	1.39289279802973	2.39114988809561	-0.736268617920051	-0.603214945856687	-0.0225690736637732	1.4014644147351	-0.319946227078787	-0.0926793471353651	1.82120323625292
H049	0.0885320631303243	-0.263567330848468	-1.79504646863044	-1.22613790903173	0.504048574691619	-1.97229781915715	1.1377329638041	0.709622086096895	0.393864521912851	-0.714877048715844
H051	-0.950759472726086	-1.44732283321254	2.57174896742141	-0.0811673347966178	-0.36632879863501	2.66723282844	-0.501679921723725	0.0187421192129872	-0.61277897132778	-0.407813047198833
H053	1.14324147230083	0.454718842161714	2.32405052089912	-0.790954369879665	0.130244184270076	-0.788330372528537	0.997272884979819	0.154775114077143	-0.149573516697742	-0.501913736805247
H054	2.08210408082579	-0.163805029651228	2.40295782872155	1.14302712137612	-0.727067156959093	-0.679842207570222	-0.11666631721189	-0.236328492292707	0.365680853371385	-0.735332129518535
H055	1.85359237048605	0.519661753395269	-1.80648707948422	0.184489565315617	-1.23219631541205	-0.515515795628745	0.215275782588452	-0.575401696131251	0.22182207140281	-0.781129455511937
H056	2.01261176524541	1.14589888557716	-1.7047545303389	1.59096110122237	-0.667212857963455	-0.492656358719958	-0.811665742070788	0.083546954155586	-0.766413691910154	0.0167860121700904
H057	1.55837168713395	0.537167265492539	-1.76351239920281	0.23775845226677	-0.0262179893586656	-0.56772352907953	0.00526874798433734	0.0823064942953567	0.561994991321859	-0.489119257507291
H058	0.532724097912698	1.22937020313308	2.47883161646061	0.905749072261075	-0.288821712719614	0.327280843788946	1.54639414411404	-0.277357901687722	0.345592169257709	-0.597407443869171
H059	1.8225193627886	-2.524679744789	-1.77496405904905	-1.04039148822706	-0.823011396927792	0.421406042092906	-0.195105049806415	-0.126132452564478	-0.391175049553457	-0.644306180481221
H060	2.22726987561438	1.21779400016635	-1.76683902124388	0.0537382549843149	-0.573185815327448	-0.170702725035149	-0.496637153851832	-0.176365682766287	0.193168729662525	-0.75169524977303
H062	0.901662747964926	-1.95952218190688	-1.86884324240484	1.88620045287357	-1.14964994978782	-0.0123942466032942	0.318650562019801	-0.278082614850512	-0.292958130727675	2.00227065817513
H063	0.535005115159233	-0.454440649767853	2.46841868290122	0.441145760003059	1.02427375046979	-0.962244612633531	0.749620317160122	-0.996403796565501	-0.379148717932707	-0.467664117516468
H065	-1.94168331923219	0.949494274039946	2.55453388338147	1.54071653334383	-0.416009399610611	-0.387364840344073	-0.381162764190697	-0.226539811428434	0.371199334522758	-0.543457372037322
H066	-2.07533171412132	0.573609195101995	-1.81791303887867	1.62684724440273	-0.535588885632608	-1.1419002638174	0.112490408039809	0.0950047399825248	1.00696177304749	-0.578397848363286
H069	-2.13325360937264	1.28422953663997	2.59355110066447	2.38594979157982	-0.559345930941002	0.0100926652557313	-0.005511693099005	-0.525705456845214	0.592038248500046	-0.860214318560085
H072	0.83528060454599	0.576437578180526	-1.7946328325173	0.793503273171295	0.331358998223556	-0.617039085896178	1.15794425295655	0.504582426048466	-0.745643718757611	-0.266714048026054
H073	0.534625777846312	0.406571290706812	-1.76603207691954	-1.45658940824525	1.30608064783347	-0.260580925576692	0.897532341700081	0.177998549671801	1.48738599511103	-0.11638391336033
H077	-2.25967823007096	0.165511960256172	2.37951759005092	-0.493401167907701	0.43139852043639	-1.66445828446852	0.0108005739152207	0.858762049837881	0.634881903983	-0.772616001885877
H078	-2.12405919635792	1.38200390473979	-1.73800958219114	0.90301132890136	0.270919088278339	-0.111928507390654	-0.109864669129153	-0.91357479776032	-0.00679054694071627	-0.806278680349572
H079	-1.66930080367456	0.141602480627102	-1.79120221456072	-1.66685275429844	2.23110857429671	0.419747127277183	-0.221143376026764	-0.706195325179924	-0.238135944423265	-0.683806703466
H080	-2.23907225916816	0.732931614524557	-1.75330767683618	-0.385687542024309	-0.278113102991706	-0.560850689194723	0.0643282334792245	-0.167709331546634	-0.214682353109346	-0.653337325339598
H081	2.03541723993532	0.163901613662746	2.50602067411993	2.94328109643621	-0.145857826315764	-0.352839988633692	-0.730188515373526	0.344097140626485	-1.91253599552525	-0.392520842481729
H082	0.936963064495277	-0.317201451024065	-1.78517833321023	-0.121180612889076	0.904084189370492	-0.512405801628935	0.440658161873769	-0.413531839955736	-0.16356000994773	-0.536842799525682
H084	-2.30474531861896	0.860236470144302	-1.76712273581438	1.07096219260336	-0.249240642840423	-1.71171928429052	-0.210135313094437	0.289855212516108	0.0333217039406429	-0.578260294367496
H088	1.80380115441744	-0.189887885298049	2.37068777157657	-1.21216520180564	0.0625796406828351	0.377719738411507	-0.478402510548837	0.345404356338301	0.347636915632438	-0.168796312272233
H089	1.92057394764392	0.227774608848064	2.43699549986169	0.243376918904532	0.506761641364344	0.478693420112061	-0.580430193186411	0.612044960371306	0.303637558675189	-0.286989672488696
H090	0.433123371168632	0.774842557266393	2.36473898192338	1.77860450211305	-0.294017994145005	0.270064320548705	1.48268903670441	-0.346808408452692	0.54551906644307	-0.828284717016861
H093	-2.26377342746575	-0.847974561368085	2.34918506643285	4.2139345699157	0.175572098027046	0.214587827025462	-0.308940971460985	0.496720810360517	0.691696117731858	-0.62385311116299
H094	1.77647738346909	-1.63264682685703	-1.79083762936188	2.11852239856915	0.229244165445113	0.552981988112824	-0.371292588852357	0.421883964372692	-1.45849570437342	-0.422039394920817
H095	-1.85616119950172	0.591077951218586	2.19210679736825	0.402069278051674	0.494801989500714	-0.884827030635961	-0.117314355733485	0.490299834486434	-1.3122522648631	-0.439495192491915
H099	2.28145354779962	-0.15410531450159	2.29035540277956	0.142985206889527	0.149837834063249	-0.479947485232022	-0.106892467750116	0.520913834844698	0.67428217394454	-0.347397537983761
H100	2.06800022135278	-1.01853403403252	-1.80529903066265	-2.08956719806912	1.96401640639902	-0.0435128533623129	-0.722458980153161	-0.140484921486459	0.250727881273159	-0.400809742453209
H101	1.35864052702013	-1.09226765830601	2.33260648499011	1.0545670074504	0.544552500358008	-0.859065425947684	-0.0657842474592341	0.527178072739427	-0.536620988531164	-0.570560641523465
H102	-1.36409535705447	-1.52761726006041	2.39371890657563	1.57281250946184	-0.095328197907117	0.148069648069996	-0.32267377567653	0.368971493423431	-1.11719469946888	-0.0773687614618547
H103	1.19046557360032	-0.162263506145679	-1.78922376330795	0.0302079660490004	0.358598809485324	0.324419163945631	0.886980302256471	0.507011817275912	0.02077668599341	-0.366599353626458
H104	-2.28359200938738	0.538585369999931	-1.81261600189502	-1.32640910943949	-0.484662308143743	0.262441128029233	-0.191125305917888	0.235123284902503	0.117075974043879	-0.469132382599721
H105	1.53179022700871	-1.47065069610358	-1.81722458852646	1.59190127617552	1.21899995477576	-0.0140925848196763	0.461727118104727	0.0442388865982864	-0.115577863522293	0.140585287266263
H107	-1.98521463760182	0.526171603120709	-1.82834447169219	-0.476419740783311	-0.404754441743305	0.567124672819224	-0.131113423039506	-0.0528779123202134	0.271722290493092	-0.612348959718021
H108	1.40365809961373	0.803071308465649	-1.77786207175776	0.64717424165155	-0.969695373381735	0.0679976632259016	-0.534348551072555	-0.625555731169678	-0.717522558230433	-0.527154136229419
H109	-2.18520583540466	-2.39390357850781	-1.78739425418481	-0.594539996883902	-0.392601384218861	0.346371570405305	-0.25221441229771	0.337996235307863	0.446186606748989	-0.42169970387753
H110	2.3265274970684	-0.312157339141388	-1.77616603878987	-1.02538600179292	-0.642223078790259	-0.248847225753396	-1.0426086824931	0.0813621789740436	-0.0484003947036019	-0.328931167357583
H111	-2.45626542626416	1.19324362212708	-1.78251892272549	0.623207784928681	0.21236343432404	0.0776027328499865	-0.259914104985262	-0.0691769469994919	0.285658078194909	-0.735391691049378
H113	0.191171668240148	-2.85455980999402	-1.76616543072375	-1.54238111888803	-1.08195178350061	-1.03158621458181	0.637352581611264	-0.419021075940189	0.136713012296661	-0.308968256393433
H115	0.661933305751721	0.932905208681878	-1.79966002720888	-1.94093988542403	-0.671201820509036	-1.38787285741577	0.984104792659901	-0.210934215943917	0.401990896198916	-0.713778234082955
H117	-1.54728114867849	0.571777460990191	1.99619582376863	-0.765534872579474	0.392571552393332	0.695243644708225	-0.196616105830234	0.578984607307265	0.737840257874264	-0.359627712225436
H118	0.806014817754596	0.791557506627451	-1.75253677475331	2.49027207341003	-1.29569536152688	0.612940529386487	0.614040893824712	-0.59719501157215	-0.985108949659045	-0.378711354831174
H135	2.42291561299318	-0.910363000949996	2.60619047079301	-1.60906598900294	-0.291848488545728	0.134359714036869	-1.41861180035536	0.00412178442801466	0.444737904680614	2.71463215522124
H148	-1.65035730568689	-0.0205400871654573	2.36142313547034	-1.27297342188604	-0.0430647497618461	1.23479640042765	-1.25152133472589	0.448213230203273	-0.0675662694568557	-0.554036590776771
H163	2.07678865176324	-0.131626996290894	-1.80857662386937	-1.50793045393943	0.0301519785042788	-0.0846859668269896	-1.15867353757936	0.68771515856896	0.159204539708711	-0.129355884107276
H164	-2.63279863936993	1.04480245398737	2.31954467945034	-0.503809057827938	0.212845015715669	-0.929417107437797	-0.302738565580242	0.1356505551478	-0.118538742518274	-0.316398309573881
H165	-2.29651667915865	-0.0691113379271236	2.13562269854305	-1.13508800951184	0.263559874641106	-1.51394942833408	-0.208415000871382	0.0718508090987916	0.814429687307338	-0.699540880325413
H167	-2.02720998331277	0.282023556999923	2.33579260596528	-0.321155397331084	0.353936813989467	0.340227973915882	0.0028202324362187	0.628575084626267	0.250824665199948	-0.4896045846906
H169	1.42015616127647	-2.73083329955919	2.57371323193263	-0.699025744746954	-0.641039339641691	-0.688122628309891	0.105925640667268	0.10391482903423	0.206429201938574	2.26950130518596
H171	-1.72492269887489	0.537062049079358	-1.76931303910847	-0.657734831049116	0.292900945167628	1.54650020666882	-0.067279603795557	0.631516850914914	0.0906213248244733	-0.403187038709582
H173	0.309070743262633	0.877595441502226	2.26753227330805	-1.53966814344056	0.0567281446696138	1.00719967662705	1.52690741415251	0.167527034420382	0.160218726491397	-0.440763918514916
H187	-1.16954087609249	0.668642880362217	-1.80584082885377	0.313486854876782	-0.169915690238981	2.17061136101933	-0.0751810402510852	0.0819840529213665	0.673032897789948	-0.764496518797371
H192	0.250000647150758	-0.140467892325371	2.59288095177059	-0.786612457897716	-0.41391838767	1.47902874188143	2.10349929213333	0.309943880416091	-1.17409362041558	2.540566840519
H194	1.26195742874332	-3.08739761047261	-1.66046227025103	-0.418919132551079	-0.80455134556312	-1.22990473138268	0.322978862270739	-0.258580140729881	0.663063152854914	2.42214239869069
H225	1.96870849307827	-0.274649837712881	1.98082678430147	-1.51502338879606	0.112441494603897	-0.558827229227907	-0.707186953043214	0.406734626154349	0.363072451818035	-0.125570910825963
H228	0.192068019217902	0.284821095150172	-1.79620004961862	0.550119445887865	0.266824014965443	-0.338307086938888	1.31331820529873	0.269443801787244	-0.322784079424075	-0.459006155540796
H231	-2.36743116165962	0.665707602366765	-1.71582912422089	-0.70267522844842	-0.265081286129152	-1.18503017133647	-0.305673679553203	0.247926323655264	-0.70615655226701	-0.687170670627562
H233	-2.17749587960564	1.67588836917072	-1.76395566729475	-1.51597292510274	-0.568523358031846	0.488957849948028	0.260375795072027	-0.0917959183773127	-0.170798093065232	-0.748301566801415
H234	-2.02938296660748	-0.458436183299085	-1.79643297836769	-0.658211331490184	-0.731491344137581	1.19737259892925	0.00388186517872393	-0.30649197313995	-0.405071491483623	-0.698656941930746
H236	2.62619822003909	1.16792426149294	-1.78071982802815	-1.43439281104518	-0.916188124462904	-0.168603287260542	-0.533358106000304	-0.0992540422195838	-0.421272362066513	-0.142443153708135
H238	-1.82546262391001	-1.48402433583124	-1.79502193234627	0.0685283162137676	-1.09669279722231	0.928776234180488	-0.169685278945469	-0.218007744499792	0.480555278762608	-0.574222611385783
H239	-1.945318408979	-2.34427181513374	2.47573688075964	-0.843539786428988	-0.972614321158215	0.586059469381252	-0.0938956232299786	-0.126580267901888	0.410154537194295	1.64499041361335
H240	1.07313770410615	-0.640286390456942	-1.77526323902696	0.362960150742554	0.0904051405619199	0.901127072906904	1.15042341427478	0.33457885026067	0.0723057145202064	-0.532264098080714
H242	-1.90450410225214	-0.643161555367655	-1.6239347009929	-1.79342891131813	0.944282437538454	1.51310071433631	-0.303756764053007	0.0114864824418029	0.605823929195557	1.90924974434758
H243	-2.31803274299334	1.10165305464336	-1.77653553055385	-1.22668377227223	-0.704101024343117	-0.702355715693295	-0.135801605179807	-0.353236634953478	-0.0873888132656032	2.06033785631345
H246	-1.82988273038387	0.192545696245177	-1.70173877311793	-0.173978701538578	-0.496247224436633	1.58956362245747	-0.282497712293471	-0.0314492709182256	0.245290996430749	2.33591499368639
H247	2.07922453500975	-2.18434450519151	2.53919803363359	-0.159051355723412	0.706138720820816	-0.101266938916723	-0.242152366147146	-0.522233532464764	0.116504661697306	2.17410398141781
H249	-2.32641597394299	-2.16998111501229	-1.69318318317597	-0.903852145679511	-1.32733865014361	0.0139978586990099	-0.339852851104122	-0.34936055138268	0.122933583985146	2.75443275650315
H255	-1.74218287697995	0.838326774602257	-1.61374126228593	-0.546057881296349	-0.387341213436551	1.53256777217919	-0.433794520427574	-0.185112364266979	-0.0704917270281249	1.96158775692513
H257	-2.29575433126746	-0.157361326461656	2.49841684542496	-0.713781318295565	-0.250721783785947	0.74300628288237	-0.184176226893536	0.00171516600054036	0.394432142884949	1.57278270714491
H260	-2.19845265455785	0.527286540839201	-1.65734040854243	-0.815666126385016	0.840087922147408	-0.513601042754418	-0.298343983223748	0.334051537515882	0.822920153119235	1.69291026027509
H265	-2.06492283976438	0.75657688046674	-1.62298360395041	-1.0626172582239	-0.232955576021643	1.33285561343262	-0.030069826317887	-0.0587096439511159	0.385027550123974	2.10850808187345
H266	2.54945081187396	1.13856942435142	-1.70598546831864	0.606454791273225	-0.640430746840906	0.728975116620306	-0.505205820675311	-0.411410586981293	0.297654608349003	2.1436619523494
H270	1.09371348376826	1.84944553220051	2.24937521105102	-1.1485408703747	-0.374591015729406	0.405371034366967	1.34738424630283	-0.619704702571954	0.176828965449483	2.2252034139106
H271	2.02403636963588	0.824771511160652	-1.72598048415908	-0.690566995036221	-0.728267992767109	-0.281465939145047	-0.744653033796813	-0.308260254261638	0.434921965771991	1.88244321028543
H272	-2.05577801649217	1.16556184987547	-1.69670312824271	-1.09591846157528	-0.717489657645578	1.25024203667108	-0.124943898551435	-0.47103834313307	-0.0395893940605052	1.46142820075027
H032	-2.08000717784204	0.402620612897082	-1.68186471118216	0.985072140822526	-0.336032348628851	0.0124727426357218	-0.577457279216319	0.544428889412335	1.03969347760507	-0.985780203255
H067	2.16416768750438	0.608311550405283	2.67174955181781	0.137008165358224	-1.76548976738961	-0.265065774321118	-0.338806067839579	0.62445963789243	-0.95303348035452	1.7462675372868
H106	1.24101115134338	-0.157412288467068	-1.72192264265309	-3.61057020803257	4.96960634874912	-0.372038082090125	-1.18391356060183	0.416190733595237	-0.363649014298171	1.33473867691894
H136	-2.26766788092166	0.196905963906632	-1.71992280055492	0.598848673569152	0.088066234496312	-0.356761733805855	-0.0989948913082843	0.321209272203368	-1.87664834494307	1.38915932407199
H137	1.47980693916856	-1.11408224780869	-1.63606823632932	-2.79289689107499	-2.83254710976089	-1.63043370765432	0.129405906696168	-0.353422930677823	-2.62693912604136	1.52720528768011
H166	-1.51812452204817	-0.0476091533780066	2.45877993640759	0.486875374068531	0.141239450334042	0.132701946506693	-0.0131213021862428	-0.10917557654264	-1.61558544953364	1.74165878399933
H170	2.55695272187818	0.185862659940356	2.76693162236601	1.86100298284058	1.06397777077013	-0.0329859244914301	-0.667781691150633	0.946600144688748	-0.169775504894209	1.61416973447907
H174	-2.22236365436992	1.64031154064901	2.3216501972039	-1.01459817614528	-1.53161021653768	0.0614761446811198	0.0502893445282251	-0.279477945993736	0.276787531756627	1.50325158870281
H175	-2.32195500906069	0.149329409984985	-1.68777373498628	0.0161426037654934	0.265078736093043	0.160289414523191	-0.22452748823782	-0.619670598917713	0.128938547820253	1.3494882835304
H176	1.53235379007966	-1.62670824032543	-1.69472896703427	2.36075272952663	-1.59233475491313	-1.02100648132716	0.0948049094214492	-2.66310834153385	3.40136898456692	1.26876642415397
H177	-1.40942062934321	-1.58849895982364	-1.79538200115555	0.505016031157343	-0.562754636569452	2.00997515304316	0.314570510672597	-1.30815796697374	-3.10903149048141	1.41079095112144
H178	0.150790737924249	0.688265594550801	-1.74135663776845	1.75586619838886	3.05157244406576	0.132419022556694	1.45885415849634	-0.295365771913692	-0.695953625274899	1.65176863705804
H179	1.96639586008669	0.334772227220402	-1.71118206363193	2.11732656813779	0.473769231063098	-0.215778579372322	-1.3043583643952	-1.18101253280367	-2.73710643754128	1.36611934733669
H181	1.85474702882921	-0.195267713958239	2.65642985463101	0.0629043663846824	-1.30909014408182	0.565464979063401	-0.50532630650835	0.160514405952073	3.68221573371689	1.61729166756117
H182	2.01067838235029	0.501312486966209	2.38525253535189	-0.0116729746958141	-2.42930631317959	0.0221678550620924	-0.363023141977132	0.639284519643683	3.86385455497141	1.74330865889844
H183	-2.20747279420512	1.67829624938025	-1.63486442127382	-1.55949000555878	-0.715575712441884	0.922483817301919	-0.0609600643144883	0.447146548229978	0.567306795663824	1.4025165284656
H184	1.84142100473785	0.207027657342715	-1.7498370540696	-1.59794045415588	1.59219195303114	0.711578117967712	-1.19299876200003	2.58259260622949	-0.720648510820257	1.38142729515789
H185	1.95756223990167	0.362616313627505	2.73652207675095	0.812419952456394	-0.693047968870781	-0.245194386369055	0.0446741049851599	-0.103380468410776	2.2794647915555	1.67606533219487
H186	0.959334315732264	-0.332860676790187	2.61714788622837	-0.856868304042197	0.484114787184091	-0.408182212016132	0.411324194476036	-0.377145540037987	1.88542741818879	1.58354812859557
H193	1.88594389847038	-0.717286825951441	-1.68391432931781	-1.59027604625831	-1.76209401122522	-0.735489400550103	-0.897901662768044	-1.30875223489709	-2.04964664260341	1.41000580281371
H196	0.375208796273063	-1.01488272482355	-1.6201238507286	0.105187156652278	3.0007339237778	-1.71878393239067	0.99032496292231	-1.4365570094543	-0.944236848432964	1.60603759599818
H197	1.79600850025827	1.32918615177166	2.64413449174421	0.486733615710684	-0.347584742108858	0.271472851087028	-0.0113961907188755	-2.53378944038714	1.78713919509828	1.9327585421313
H198	1.77796927744	-0.258735274714652	2.51271415539189	-0.79827041528797	0.554108436132707	-0.215128792410559	-0.482061517850156	-0.154047534199653	0.41455831749613	1.82744344388597
H199	2.12152393889044	-0.0852502174817468	-1.73110523913438	2.34964793922183	0.773684376952098	-0.156084321349055	-1.18007843985917	-0.181246988044873	-1.28345980756008	1.26492547882534
H200	-2.4114148756004	1.21064325806827	2.62475744753721	0.637321732379148	-0.218058269826898	-1.23601189400542	-0.362557077096251	-0.517948204088706	2.55062726671402	1.33698916243574
H202	0.515938139262528	1.14255543092723	-1.67826393036138	-0.0514900536145963	3.4317501255936	0.497504932660347	0.759355575684537	-0.694805493782102	2.78684168372392	1.59370810784468
H203	-0.118164888532355	-0.231182617640307	2.43688654929714	-0.375713831324423	2.69042845826436	0.240663456696984	0.40942377985883	-2.58191973519701	1.73471863399439	1.62681834418795
H205	-2.35713978335364	1.44248317513818	2.63573505616301	-0.453650026595622	-0.333344543174237	-0.957284465776239	-0.288406530112151	0.501368720203176	-0.586897792138731	1.56539860140894
H206	0.367208173104147	-1.63635912143842	-1.58873452260088	1.52472885132719	1.34695064448456	-1.28174058849624	-0.104980320625231	-1.54313316359066	0.766941130921063	1.69918559399966
H207	1.41790242817198	-0.503873680755578	-1.73416559644241	0.718546609084095	-1.10117269967234	-1.25400071130885	-0.438188224276354	0.0952923165679649	0.343886231915833	1.47920091916826
H208	1.60078850478125	0.126395852873908	-1.7657922119856	-0.456265764896931	-0.449681267328578	0.586793886114931	-0.31744732049416	-2.87855420305318	-4.75441630828766	1.55096513110652
H209	1.01083887764088	-1.88493298198864	2.48975989947712	-2.84763816325818	-1.62640450825091	-0.649868490671015	0.206431757377992	3.36109141353952	1.5132800928692	1.69669309813044
H210	2.43413411599336	0.0657988805748864	2.59462954338218	1.68671356338186	0.117281185223241	-0.0573619167566909	-0.947028161648476	0.617482404894476	1.01828279326268	1.55987495738062
H211	-2.53454323139408	0.153008823168753	-1.72620161169922	0.558013293762647	-0.0949103674257403	-1.62903786954549	-0.342313106491752	0.983010433317285	-1.76735901247606	1.4124809734617
H212	1.54032243014393	0.691663008737958	-1.66497594736717	5.14135925704974	2.55354198165715	0.524370877949442	0.710559925507424	-0.251279068163698	3.43634143846974	1.69241263876127
H213	-0.1831915084468	-0.405321556461195	-1.69772947779844	1.35624215311505	2.16009756703603	-1.41877747450429	0.508365378240533	-0.298820929804224	-2.17756157076812	1.44695665811662
H214	-1.92462289642847	-3.9437042483648	-1.6859061069251	0.369793584408319	-0.318874977640048	0.453544194271347	-0.125987467299051	0.0576082489594158	0.337361899750393	1.43375463424652
H215	-2.06418340864135	1.00359884239236	-1.67575042196877	0.868849659811264	0.665068023812811	-1.29387082296979	-0.58181077379231	0.447513572453924	-1.54727604834934	1.38594686672687
H216	2.20541919451617	0.295229499981504	2.43617907894128	1.40409857793388	0.839052714223589	-0.228928494709123	-0.714529584647544	-0.187030547808475	-2.05584877069236	1.74414746909774
H217	0.391690777873432	-0.793713010200846	-1.7112137991413	-0.443351077613657	-0.31105888484681	-1.47436536378178	-0.329827774377771	-0.231088517917797	-2.62418020851723	1.63962084273057
H219	2.28046800066717	0.111691551717949	2.39848546535712	-0.0829104224362062	-0.564262291851535	0.124157785589993	-1.21661454603194	0.341572436885398	-1.87718258218521	1.46731354285238
H220	0.468229074244346	1.17060988830685	2.45707648071763	0.992932161860725	3.68197409841643	0.228816437616378	0.506250263098434	-1.13198457861113	-0.615114430370725	1.91398879263836
H221	1.50234719756165	-0.559195373200144	-1.71993067629685	-1.35737493769746	-1.79247230839465	-0.0551195069338515	-0.308530901881593	1.52283282093644	-0.43985338990808	1.26958334527071
H222	-0.327255748130749	0.231542264460456	-1.75824277318774	-0.557669630615369	1.96074443498416	-1.13702685852382	1.30525289675538	0.0944068488239994	-3.37888976535736	1.62231833630191
H223	1.64922477315216	0.436915826714834	2.50344337748803	-1.01936607717684	0.640168863059272	-0.129702926379882	-1.08726799354487	2.00091833811519	-1.260507996598	1.58517612300229
H224	-1.75282637063738	0.63913648354634	-1.73921720130972	-0.336061801051903	-0.352199956676655	1.23695330406045	0.149935842103852	1.07041241545964	-1.94836021216205	1.57516005087629
H230	0.5932492313166	0.610266168478386	-1.7086887324068	0.789421493763103	3.75081105957801	0.463357467593662	0.326956914326202	1.19442907954997	0.290262181123315	-1.17859693661087
H235	2.62450615844048	0.570371436340045	-1.64793162228135	1.1778682488833	-0.960064250473927	-0.290931972959055	-1.1650083008889	1.41972310881648	4.24874795838412	1.35603336566311
H237	0.458081298807255	0.554685916559485	2.40405552186545	0.510132127821181	2.40964202162176	0.061829355627195	1.52493202254113	-1.94829565036148	-2.05564959145419	1.90272874267035
H248	1.51231960166596	-0.231476971129198	2.67436074213429	-2.02726372622022	-3.21638425445994	-1.083546407162	0.134323685826003	-1.08483905487763	-0.551627178046625	1.52998881063807
H250	-2.35590018488635	-0.941030647223146	-1.70917986564627	0.454993169453148	0.473805023489429	-0.0423326399408991	-0.135716855127025	2.29521757711715	-2.31681115363792	1.51395773958563
H252	-2.57116086900438	1.03195483231827	-1.76549722007377	-0.68225820106138	-0.67695827820777	-0.555540376398464	0.0198136971030233	0.00339942089828587	-1.33977317312399	1.48961147951679
H254	1.75953747197129	0.924655974029157	-1.66946072925825	-1.1556182185051	-0.638461918879365	0.162159673498644	-0.393079499407383	2.34659710480119	2.85137533933325	1.49133186783688
H258	1.94045978141322	-0.229664414454209	-1.61349156444668	-0.0179510617935192	0.830057005204887	-0.163393735947586	-1.23193737503096	3.04416832233844	2.77723027514946	1.36579056281927
H259	-1.67440665526371	-2.33881721241548	-1.68296746389527	0.506536413580666	-0.723376375025086	0.681606933652786	0.0317301526119844	0.0402709471821955	-1.64416951029737	1.66602836560455
H264	1.1996771954628	-0.445256921647074	-1.68009834684733	-4.13184513197823	3.81080259702323	-0.489190680864602	-0.883758895951639	-3.02831833086465	-0.517471771927844	1.36925194303021
