HMDB_ID,NAME,SMILES,INCHIKEY,CHEMICAL_FORMULA,AVERAGE_MASS,MONO_MASS
HMDB0000008,2-Hydroxybutyric acid,[H]OC(=O)[C@@]([H])(O[H])C([H])([H])C([H])([H])[H],AFENDNXGAFYKQO-VKHMYHEASA-N,C4H8O3,104.105,104.047344118
HMDB0000064,Creatine,CN(CC(O)=O)C(N)=N,CVSVTCORWBXHQV-UHFFFAOYSA-N,C4H9N3O2,131.1332,131.069476547
HMDB0000072,cis-Aconitic acid,OC(=O)C\C(=C\C(O)=O)C(O)=O,GTZCVFVGUGFEME-IWQZZHSRSA-N,C6H6O6,174.1082,174.016437924
HMDB0000087,Dimethylamine,CNC,ROSDSFDQCJNGOL-UHFFFAOYSA-N,C2H7N,45.0837,45.057849229
HMDB0000094,Citric acid,OC(=O)CC(O)(CC(O)=O)C(O)=O,KRKNYBCHXYNGOX-UHFFFAOYSA-N,C6H8O7,192.1235,192.02700261
HMDB0000097,Choline,C[N+](C)(C)CCO,OEYIOHPDSNJKLS-UHFFFAOYSA-N,C5H14NO,104.1708,104.107539075
HMDB0000108,Ethanol,CCO,LFQSCWFLJHTTHZ-UHFFFAOYSA-N,C2H6O,46.0684,46.041864814
HMDB0000115,Glycolic acid,OCC(O)=O,AEMRFAOFKBGASW-UHFFFAOYSA-N,C2H4O3,76.0514,76.016043994
HMDB0000122,D-Glucose,OC[C@H]1O[C@@H](O)[C@H](O)[C@@H](O)[C@@H]1O,WQZGKKKJIJFFOK-VFUOTHLCSA-N,C6H12O6,180.1559,180.063388116
HMDB0000123,Glycine,NCC(O)=O,DHMQDGOQFOQNFH-UHFFFAOYSA-N,C2H5NO2,75.0666,75.032028409
HMDB0000131,Glycerol,OCC(O)CO,PEDCQBHIVMGVHV-UHFFFAOYSA-N,C3H8O3,92.0938,92.047344122
HMDB0000134,Fumaric acid,OC(=O)\C=C\C(O)=O,VZCYOOQTPOCHFL-OWOJBTEDSA-N,C4H4O4,116.0722,116.010958616
HMDB0000139,Glyceric acid,OC[C@@H](O)C(O)=O,RBNPOMFGQQGHHO-UWTATZPHSA-N,C3H6O4,106.0773,106.02660868
HMDB0000142,Formic acid,OC=O,BDAGIHXWWSANSR-UHFFFAOYSA-N,CH2O2,46.0254,46.005479308
HMDB0000148,Glutamic acid,N[C@@H](CCC(O)=O)C(O)=O,WHUUTDBJXJRKMK-VKHMYHEASA-N,C5H9NO4,147.1293,147.053157781
HMDB0000156,Malic acid,O[C@@H](CC(O)=O)C(O)=O,BJEPYKJPYRNKOW-REOHCLBHSA-N,C4H6O5,134.0874,134.021523302
HMDB0000158,L-Tyrosine,N[C@@H](CC1=CC=C(O)C=C1)C(O)=O,OUYCCCASQSFEME-QMMMGPOBSA-N,C9H11NO3,181.1885,181.073893223
HMDB0000159,Phenylalanine,N[C@@H](CC1=CC=CC=C1)C(O)=O,COLNVLDHVKWLRT-QMMMGPOBSA-N,C9H11NO2,165.1891,165.078978601
HMDB0000161,L-Alanine,C[C@H](N)C(O)=O,QNAYBMKLOCPYGJ-REOHCLBHSA-N,C3H7NO2,89.0932,89.047678473
HMDB0000162,Proline,OC(=O)[C@@H]1CCCN1,ONIBWKKTOPOVIA-BYPYZUCNSA-N,C5H9NO2,115.1305,115.063328537
HMDB0000163,D-Maltose,OC[C@H]1O[C@H](O[C@H]2[C@H](O)[C@H](O)[C@@H](O)O[C@@H]2CO)[C@H](O)[C@@H](O)[C@@H]1O,GUBGYTABKSRVRQ-DKBJLJRDSA-N,C12H22O11,342.2965,342.116211546
HMDB0000164,Methylamine,CN,BAVYZALUXZFZLV-UHFFFAOYSA-N,CH5N,31.0571,31.042199165
HMDB0000167,L-Threonine,C[C@@H](O)[C@H](N)C(O)=O,AYFVYJQAPQTCCC-GBXIJSLDSA-N,C4H9NO3,119.1192,119.058243159
HMDB0000168,L-Asparagine,N[C@@H](CC(N)=O)C(O)=O,DCXYFEDJOCDNAF-REOHCLBHSA-N,C4H8N2O3,132.1179,132.053492132
HMDB0000172,Isoleucine,CC[C@H](C)[C@H](N)C(O)=O,AGPKZVBTJJNPAG-WHFBIAKZSA-N,C6H13NO2,131.1729,131.094628665
HMDB0000177,Histidine,N[C@@H](CC1=CNC=N1)C(O)=O,HNDVDQJCIGZPNO-YFKPBYRVSA-N,C6H9N3O2,155.1546,155.069476547
HMDB0000182,Lysine,NCCCC[C@H](N)C(O)=O,KDXKERNSBIXSRK-YFKPBYRVSA-N,C6H14N2O2,146.1876,146.105527702
HMDB0000187,Serine,N[C@@H](CO)C(O)=O,MTCFGRXMJLQNBG-REOHCLBHSA-N,C3H7NO3,105.0926,105.042593095
HMDB0000190,Lactic acid,C[C@H](O)C(O)=O,JVTAAEKCZFNVCJ-REOHCLBHSA-N,C3H6O3,90.0779,90.031694058
HMDB0000191,L-Aspartic acid,N[C@@H](CC(O)=O)C(O)=O,CKLJMWTZIZZHCS-REOHCLBHSA-N,C4H7NO4,133.1027,133.037507717
HMDB0000211,myo-Inositol,O[C@H]1[C@H](O)[C@@H](O)[C@H](O)[C@H](O)[C@@H]1O,CDAISMWEOUEBRE-GPIVLXJGSA-N,C6H12O6,180.1559,180.063388116
HMDB0000214,Ornithine,NCCC[C@H](N)C(O)=O,AHLPHDHHMVZTML-BYPYZUCNSA-N,C5H12N2O2,132.161,132.089877638
HMDB0000220,Palmitic acid,CCCCCCCCCCCCCCCC(O)=O,IPCSVZSSVZVIGE-UHFFFAOYSA-N,C16H32O2,256.4241,256.240230268
HMDB0000228,Phenol,OC1=CC=CC=C1,ISWSIDIOOBJBQZ-UHFFFAOYSA-N,C6H6O,94.1112,94.041864814
HMDB0000243,Pyruvic acid,CC(=O)C(O)=O,LCTONWCANYUPML-UHFFFAOYSA-N,C3H4O3,88.0621,88.016043994
HMDB0000254,Succinic acid,OC(=O)CCC(O)=O,KDYFGRWQOYBRFD-UHFFFAOYSA-N,C4H6O4,118.088,118.02660868
HMDB0000256,Squalene,CC(C)=CCC\C(C)=C\CC\C(C)=C\CC\C=C(/C)CC\C=C(/C)CCC=C(C)C,YYGNTYWPHWGJRM-AAJYLUCBSA-N,C30H50,410.73,410.39125161
HMDB0000258,Sucrose,OC[C@H]1O[C@@](CO)(O[C@H]2O[C@H](CO)[C@@H](O)[C@H](O)[C@H]2O)[C@@H](O)[C@@H]1O,CZMRCDWAGMRECN-UGDNZRGBSA-N,C12H22O11,342.2965,342.116211546
HMDB0000267,Pyroglutamic acid,OC(=O)[C@@H]1CCC(=O)N1,ODHCTXKNWHHXJC-VKHMYHEASA-N,C5H7NO3,129.114,129.042593095
HMDB0000292,Xanthine,O=C1NC2=C(NC=N2)C(=O)N1,LRFVTYWOQMYALW-UHFFFAOYSA-N,C5H4N4O2,152.1109,152.033425392
HMDB0000294,Urea,NC(N)=O,XSQUKJJJFZCRTK-UHFFFAOYSA-N,CH4N2O,60.0553,60.03236276
HMDB0000301,Urocanic acid,OC(=O)\C=C\C1=CNC=N1,LOIYMIARKYCTBW-OWOJBTEDSA-N,C6H6N2O2,138.124,138.042927446
HMDB0000323,3-Amino-2-piperidone,NC1CCCNC1=O,YCCMTCQQDULIFE-UHFFFAOYSA-N,C5H10N2O,114.1457,114.079312952
HMDB0000482,Caprylic acid,CCCCCCCC(O)=O,WWZKQHOCKIZLMA-UHFFFAOYSA-N,C8H16O2,144.2114,144.115029756
HMDB0000492,Chloride ion,[Cl-],VEXZGXHMUGYJMC-UHFFFAOYSA-M,Cl,35.453,34.968852707
HMDB0000500,4-Hydroxybenzoic acid,OC(=O)C1=CC=C(O)C=C1,FJKROLUGYXJWQN-UHFFFAOYSA-N,C7H6O3,138.122,138.031694053
HMDB0000511,Capric acid,CCCCCCCCCC(O)=O,GHVNFZFCNZKVNT-UHFFFAOYSA-N,C10H20O2,172.2646,172.146329884
HMDB0000517,L-Arginine,N[C@@H](CCCNC(N)=N)C(O)=O,ODKSFYDXXFIFQN-BYPYZUCNSA-N,C6H14N4O2,174.201,174.111675712
HMDB0000535,Caproic acid,CCCCCC(O)=O,FUZZWVXGSFPDMH-UHFFFAOYSA-N,C6H12O2,116.1583,116.083729628
HMDB0000562,Creatinine,CN1CC(=O)NC1=N,DDRJAANPRJIHGJ-UHFFFAOYSA-N,C4H7N3O,113.1179,113.058911861
HMDB0000574,L-Cysteine,N[C@@H](CS)C(O)=O,XUJNEKJLAYXESH-REOHCLBHSA-N,C3H7NO2S,121.158,121.019749163
HMDB0000638,Dodecanoic acid,CCCCCCCCCCCC(O)=O,POULHZVOKOAJMA-UHFFFAOYSA-N,C12H24O2,200.3178,200.177630012
HMDB0000641,Glutamine,N[C@@H](CCC(N)=O)C(O)=O,ZDXPYRJPNDTMRX-VKHMYHEASA-N,C5H10N2O3,146.1445,146.069142196
HMDB0000687,Leucine,CC(C)C[C@H](N)C(O)=O,ROHFNLRQFUQHCH-YFKPBYRVSA-N,C6H13NO2,131.1729,131.094628665
HMDB0000696,Methionine,CSCC[C@H](N)C(O)=O,FFEARJCKVFRZRR-BYPYZUCNSA-N,C5H11NO2S,149.211,149.051049291
HMDB0000784,Azelaic acid,OC(=O)CCCCCCCC(O)=O,BDJRBEYXGGNYIS-UHFFFAOYSA-N,C9H16O4,188.2209,188.104859
HMDB0000826,Pentadecanoic acid,CCCCCCCCCCCCCCC(O)=O,WQEPLUUGTLDZJY-UHFFFAOYSA-N,C15H30O2,242.3975,242.224580204
HMDB0000827,Stearic acid,CCCCCCCCCCCCCCCCCC(O)=O,QIQXTHQIDYTFRH-UHFFFAOYSA-N,C18H36O2,284.4772,284.271530396
HMDB0000847,Pelargonic acid,CCCCCCCCC(O)=O,FBUKVWPVBMHYJY-UHFFFAOYSA-N,C9H18O2,158.238,158.13067982
HMDB0000883,L-Valine,CC(C)[C@H](N)C(O)=O,KZSNJWFQEVHDMF-BYPYZUCNSA-N,C5H11NO2,117.1463,117.078978601
HMDB0000904,Citrulline,N[C@@H](CCCNC(N)=O)C(O)=O,RHGKLRLOHDJJDR-BYPYZUCNSA-N,C6H13N3O3,175.1857,175.095691297
HMDB0000929,L-Tryptophan,N[C@@H](CC1=CNC2=C1C=CC=C2)C(O)=O,QIVBCDIJIAJPQS-VIFPVBQESA-N,C11H12N2O2,204.2252,204.089877638
HMDB0000943,Threonic acid,OC[C@H](O)[C@@H](O)C(O)=O,JPIJQSOTBSSVTP-STHAYSLISA-N,C4H8O5,136.1033,136.037173366
HMDB0000990,Acetaldehyde,CC=O,IKHGUXGNUITLKF-UHFFFAOYSA-N,C2H4O,44.0526,44.02621475
HMDB0001147,Aminomalonic acid,NC(C(O)=O)C(O)=O,JINBYESILADKFW-UHFFFAOYSA-N,C3H5NO4,119.0761,119.021857653
HMDB0001266,L-Sorbose,OC[C@@]1(O)OC[C@H](O)[C@@H](O)[C@@H]1O,LKDRXBCSQODPBY-BGPJRJDNSA-N,C6H12O6,180.1559,180.063388116
HMDB0001429,Phosphate,OP(O)(O)=O,NBIIXXVUZAFLBC-UHFFFAOYSA-N,H3O4P,97.9952,97.976895096
HMDB0001448,Sulfate,OS(O)(=O)=O,QAOWNCQODCNURD-UHFFFAOYSA-N,H2O4S,98.078,97.967379242
HMDB0001870,Benzoic acid,OC(=O)C1=CC=CC=C1,WPYMKLBDIGXBTP-UHFFFAOYSA-N,C7H6O2,122.123,122.036779433
HMDB0001881,Propylene glycol,C[C@@H](O)CO,DNIAPMSPPWPWGF-GSVOUGTGSA-N,C3H8O2,76.0944,76.0524295
HMDB0001999,Eicosapentaenoic acid,CC\C=C/C\C=C/C\C=C/C\C=C/C\C=C/CCCC(O)=O,JAZBEHYOTPTENJ-JLNKQSITSA-N,C20H30O2,302.451,302.224580204
HMDB0002092,Itaconic acid,OC(=O)CC(=C)C(O)=O,LVHBHZANLOWSRM-UHFFFAOYSA-N,C5H6O4,130.0987,130.02660868
HMDB0002111,Water,O,XLYOFNOQVPJJNP-UHFFFAOYSA-N,H2O,18.0153,18.010564686
HMDB0002329,Oxalic acid,OC(=O)C(O)=O,MUBZPKHOEPUJKR-UHFFFAOYSA-N,C2H2O4,90.0349,89.995308552
HMDB0002712,"1,5-Anhydrosorbitol",OC[C@H]1OC[C@H](O)[C@@H](O)[C@@H]1O,MPCAJMNYNOGXPB-SLPGGIOYSA-N,C6H12O5,164.1565,164.068473494
HMDB0003345,alpha-D-Glucose,OC[C@H]1O[C@H](O)[C@H](O)[C@@H](O)[C@@H]1O,WQZGKKKJIJFFOK-DVKNGEFBSA-N,C6H12O6,180.1559,180.063388116
HMDB0006695,Prolylhydroxyproline,O[C@@H]1C[C@H](N(C1)C(=O)[C@@H]1CCCN1)C(O)=O,ONPXCLZMBSJLSP-CSMHCCOUSA-N,C10H16N2O4,228.245,228.11100701
HMDB0011131,MG(18:0/0:0/0:0),[H][C@](O)(CO)COC(=O)CCCCCCCCCCCCCCCCC,VBICKXHEKHSIBG-FQEVSTJZSA-N,C21H42O4,358.5558,358.308309832
HMDB0011564,MG(16:0/0:0/0:0),[H][C@](O)(CO)COC(=O)CCCCCCCCCCCCCCC,QHZLMUACJMDIAE-SFHVURJKSA-N,C19H38O4,330.5026,330.277009704
HMDB0011733,Glycyl-glycine,NCC(=O)NCC(O)=O,YMAWOPBAYDPSLA-UHFFFAOYSA-N,C4H8N2O3,132.1179,132.053492132
HMDB0013248,Monoethylhexyl phthalic acid,CCCCC(CC)COC(=O)C1=CC=CC=C1C(O)=O,DJDSLBVSSOQSLW-UHFFFAOYSA-N,C16H22O4,278.3435,278.151809192
HMDB0015217,Pilocarpine,CC[C@H]1[C@@H](CC2=CN=CN2C)COC1=O,QCHFTSOMWOSFHM-WPRPVWTQSA-N,C11H16N2O2,208.2569,208.121177766
HMDB0028843,Glycyl-Histidine,NCC(=O)NC(CC1=CN=CN1)C(O)=O,YIWFXZNIBQBFHR-UHFFFAOYSA-N,C8H12N4O3,212.2059,212.09094027
HMDB0028850,Glycyl-Serine,NCC(O)=NC(CO)C(O)=O,BCCRXDTUTZHDEU-UHFFFAOYSA-N,C5H10N2O4,162.1439,162.064056818
HMDB0031230,2-Ethylhexanoic acid,CCCCC(CC)C(O)=O,OBETXYAYXDNJHR-UHFFFAOYSA-N,C8H16O2,144.2114,144.115029756
HMDB0032538,Triethanolamine,OCCN(CCO)CCO,GSEJCLTVZPLZKY-UHFFFAOYSA-N,C6H15NO3,149.1882,149.105193351
HMDB0032572,Methylparaben,COC(=O)C1=CC=C(O)C=C1,LXCFILQKKLGQFO-UHFFFAOYSA-N,C8H8O3,152.1473,152.047344122
HMDB0032574,Propylparaben,CCCOC(=O)C1=CC=C(O)C=C1,QELSKZZBTMNZEB-UHFFFAOYSA-N,C10H12O3,180.2005,180.07864425
HMDB0033584,Diethyl tartrate,CCOC(=O)C(O)C(O)C(=O)OCC,YSAVZVORKRDODB-UHFFFAOYSA-N,C8H14O6,206.1932,206.07903818
HMDB0033704,L-Galactose,OC[C@@H]1O[C@@H](O)[C@@H](O)[C@H](O)[C@@H]1O,WQZGKKKJIJFFOK-SXUWKVJYSA-N,C6H12O6,180.1559,180.063388116
HMDB0041827,Ammonium,[NH4+],QGZKDVFQNNGYKY-UHFFFAOYSA-O,H4N,18.0385,18.034374133
HMDB0062186,1-Deoxy-1-(N6-lysino)-D-fructose,N[C@@H](CCCCNC[C@@]1(O)O[C@H](CO)[C@@H](O)[C@@H]1O)C(O)=O,ZAWLGBRDVQURAK-TYCYOEEFSA-N,C12H24N2O7,308.331,308.158351121
